{
  "model_name_or_path": "Joemgu/pegasus-x-sumstew",
  "use_cuda": true,
  "token_batch_length": 8192,
  "batch_stride": 16,
  "max_length_ratio": 0.25,
  "load_in_8bit": false,
  "compile_model": true,
  "optimum_onnx": false,
  "device": "cuda",
  "inference_params": {
    "min_length": 8,
    "max_length": 2048,
    "no_repeat_ngram_size": 3,
    "encoder_no_repeat_ngram_size": 4,
    "repetition_penalty": 2.5,
    "num_beams": 4,
    "num_beam_groups": 1,
    "length_penalty": 0.8,
    "early_stopping": true,
    "do_sample": false
  },
  "textsum_version": "0.1.5.post1.dev28+gaf908f3"
}