{
    "model_name": "abertsch/unlimiformer-bart-booksum-alternating",
    "tokenizer_name": "facebook/bart-base",
    "input_data": "/home/pszemraj/Dropbox/programming-projects/misc-sync/gauntlet-docs",
    "split_name": "validation",
    "source_column": "input",
    "max_input_length": 32768,
    "max_new_tokens": 1024,
    "num_beams": 16,
    "early_stopping": true,
    "recursive": false,
    "max_samples": null,
    "output_dir": "/home/pszemraj/Dropbox/programming-projects/misc-sync/gauntlet-docs-unlimiformer-summaries",
    "compile_model": false,
    "generate_kwargs": {},
    "unlimiformer_version": "0.0.post1.dev14+gc033c62"
}